{
  "rmse": 1492.0928146909155,
  "mae": 1396.179739466158,
  "r2": -7.036661727846683
}